<?xml version="1.0" encoding="UTF-8"?>
<project-private xmlns="http://www.netbeans.org/ns/project-private/1">
    <editor-bookmarks xmlns="http://www.netbeans.org/ns/editor-bookmarks/2" lastBookmarkId="0"/>
    <open-files xmlns="http://www.netbeans.org/ns/projectui-open-files/2">
        <group>
            <file>file:/C:/Users/jacob/OneDrive/Documents/NetBeansProjects/absolutecinema%20(4)/src/absolutecinema/Absolutecinema.java</file>
            <file>file:/C:/Users/jacob/OneDrive/Documents/NetBeansProjects/absolutecinema%20(4)/src/absolutecinema/BorderpaneController.java</file>
            <file>file:/C:/Users/jacob/OneDrive/Documents/NetBeansProjects/absolutecinema%20(4)/src/absolutecinema/borderpane.fxml</file>
            <file>file:/C:/Users/jacob/OneDrive/Documents/NetBeansProjects/absolutecinema%20(4)/src/absolutecinema/AdminMain.fxml</file>
            <file>file:/C:/Users/jacob/OneDrive/Documents/NetBeansProjects/absolutecinema%20(4)/src/absolutecinema/AdminMainController.java</file>
        </group>
    </open-files>
</project-private>
